{"cameraMode":{"drawMode":0,"name":"Shaded","section":"Shading Mode"},"sceneLighting":true,"audioPlay":false,"sceneViewState":{"showFog":true,"showMaterialUpdate":false,"showSkybox":true,"showFlares":true,"showImageEffects":true,"showParticleSystems":true,"showVisualEffectGraphs":true,"m_FxEnabled":true},"in2DMode":false,"pivot":{"x":0.2747264802455902,"y":1.2792761325836182,"z":-5.54919958114624},"rotation":{"x":-0.015216873958706856,"y":-0.10985389351844788,"z":0.0016787768108770252,"w":-0.9938426613807678},"size":1.4407665729522706,"orthographic":false}